feature,desc,transf_initial,source,source_group,depth,"nunique, nuniquetotal",agg,include,date_col,new_name,active,comments
actualdpd_943P,Days Past Due (DPD) of previous contract (actual).,P,applprev1,applprev1,1,158,"mean, max, var",1,,,,
annuity_853A,Monthly annuity for previous applications.,A,applprev1,applprev1,1,76849,"mean, max, var",1,,,,
approvaldate_319D,Approval Date of Previous Application,D,applprev1,applprev1,1,5399,"mean, max, var",1,,,,
byoccupationinc_3656910L,Applicant's income from previous applications.,L,applprev1,applprev1,1,17996,"mean, max",1,,,,
cancelreason_3545846M,Application cancellation reason.,M,applprev1,applprev1,1,73,"mean, max",1,,,,
childnum_21L,Number of children in the previous application.,L,applprev1,applprev1,1,20,"mean, max",1,,,,
creationdate_885D,Date when previous application was created.,D,applprev1,applprev1,1,5403,"mean, max, var",1,1,,,
credacc_actualbalance_314A,Actual balance on credit account.,A,applprev1,applprev1,1,48132,"mean, max, var",1,,,,
credacc_credlmt_575A,Credit card credit limit provided for previous applications.,A,applprev1,applprev1,1,30377,"mean, max, var",1,,,,
credacc_maxhisbal_375A,Maximal historical balance of previous credit account,A,applprev1,applprev1,1,39327,"mean, max, var",1,,,,
credacc_minhisbal_90A,Minimum historical balance of previous credit accounts.,A,applprev1,applprev1,1,37540,"mean, max, var",1,,,,
credacc_status_367L,Account status of previous credit applications.,L,applprev1,applprev1,1,7,"mean, max",1,,,,
credacc_transactions_402L,Number of transactions made with the previous credit account of the applicant.,L,applprev1,applprev1,1,94,"mean, max",1,,,,
credamount_590A,Loan amount or card limit of previous applications.,A,applprev1,applprev1,1,165673,"mean, max, var",1,,,,
credtype_587L,Credit type of previous application.,L,applprev1,applprev1,1,4,"mean, max",1,,,,
currdebt_94A,Previous application's current debt.,A,applprev1,applprev1,1,201409,"mean, max, var",1,,,,
dateactivated_425D,Contract activation date of the applicant's previous application.,D,applprev1,applprev1,1,4212,"mean, max, var",1,,,,
district_544M,District of the address used in the previous loan application.,M,applprev1,applprev1,1,1030,"mean, max",1,,,,
downpmt_134A,Previous application downpayment amount.,A,applprev1,applprev1,1,13797,"mean, max, var",1,,,,
dtlastpmt_581D,Date of last payment made by the applicant.,D,applprev1,applprev1,1,2354,"mean, max, var",1,,,,
dtlastpmtallstes_3545839D,Date of the applicant's last payment.,D,applprev1,applprev1,1,2366,"mean, max, var",1,,,,
education_1138M,Applicant's education level from their previous application.,M,applprev1,applprev1,1,6,"mean, max",1,,,,
employedfrom_700D,Employment start date from the previous application.,D,applprev1,applprev1,1,8344,"mean, max, var",1,,,,
familystate_726L,Family State in previous application of applicant.,L,applprev1,applprev1,1,6,"mean, max",1,,,,
firstnonzeroinstldate_307D,Date of last instalment in the previous application.,D,applprev1,applprev1,1,5154,"mean, max, var",1,,,,
inittransactioncode_279L,Type of the initial transaction made in the previous application of the client.,L,applprev1,applprev1,1,4,"mean, max",1,,,,
isbidproduct_390L,Flag for determining if the product is a cross-sell in previous applications.,L,applprev1,applprev1,1,3,"mean, max",1,,,,
isdebitcard_527L,Previous application flag indicating if product being applied for is a debit card.,L,applprev1,applprev1,1,3,"mean, max",1,,,,
mainoccupationinc_437A,Client's main income amount in their previous application.,A,applprev1,applprev1,1,17341,"mean, max, var",1,,,,
maxdpdtolerance_577P,Maximum DPD with tolerance (on previous application/s).,P,applprev1,applprev1,1,3210,"mean, max, var",1,,,,
outstandingdebt_522A,Amount of outstanding debt on the client's previous application.,A,applprev1,applprev1,1,179740,"mean, max, var",1,,,,
pmtnum_8L,Number of payments made for the previous application.,L,applprev1,applprev1,1,61,"mean, max",1,,,,
postype_4733339M,Type of point of sale.,M,applprev1,applprev1,1,9,"mean, max",1,,,,
profession_152M,Profession of the client during their previous loan application.,M,applprev1,applprev1,1,5799,"mean, max",1,,,,
rejectreason_755M,Reason for previous application rejection.,M,applprev1,applprev1,1,18,"mean, max",1,,,,
rejectreasonclient_4145042M,Reason for rejection of the client's previous application.,M,applprev1,applprev1,1,14,"mean, max",1,,,,
revolvingaccount_394A,Revolving account that was present in the applicant's previous application.,A,applprev1,applprev1,1,52407,"mean, max, var",0,,,,
status_219L,Previous application status.,L,applprev1,applprev1,1,12,"mean, max",1,,,,
tenor_203L,Number of instalments in the previous application.,L,applprev1,applprev1,1,61,"mean, max",1,,,,
cacccardblochreas_147M,Card blocking reason.,M,applprev2,applprev2,2,,"mean, max",1,,,,
conts_type_509L,Person contact type in previous application.,L,applprev2,applprev2,2,,"mean, max",1,,,,
credacc_cards_status_52L,Card status of the previous credit account.,L,applprev2,applprev2,2,,"mean, max",1,,,,
annualeffectiverate_199L,Interest rate of the closed contracts.,L,creditbureaua1,creditbureaua1,1,5391,"mean, max",1,,,closed,
annualeffectiverate_63L,Interest rate for the active contracts.,L,creditbureaua1,creditbureaua1,1,4516,"mean, max",1,,,active,
annualeffectiverate_all,Interest rate for the active contracts.,L,creditbureaua1,creditbureaua1,1,4516,"mean, max",1,,,all,
classificationofcontr_13M,Classificiation of the active contract.,M,creditbureaua1,creditbureaua1,1,10,"mean, max",1,,,active,
classificationofcontr_400M,Classificiation of the closed contract.,M,creditbureaua1,creditbureaua1,1,286,"mean, max",1,,,closed,
classificationofcontr_all,Classificiation of the active contract.,M,creditbureaua1,creditbureaua1,1,10,"mean, max",1,,,all,
contractst_545M,Contract status of an active contract.,M,creditbureaua1,creditbureaua1,1,28,"mean, max",1,,,active,
contractst_964M,Contract status of terminated credit contract.,M,creditbureaua1,creditbureaua1,1,218,"mean, max",1,,,closed,
contractst_all,Contract status of an active contract.,M,creditbureaua1,creditbureaua1,1,28,"mean, max",1,,,all,
contractsum_5085717L,Sum of other contract values.,L,creditbureaua1,creditbureaua1,1,221600,"mean, max",0,,,common,
credlmt_230A,Credit limit of the closed credit contracts from credit bureau.,A,creditbureaua1,creditbureaua1,1,13064,"mean, max, var",1,,,closed,
credlmt_935A,Credit limit for active loan.,A,creditbureaua1,creditbureaua1,1,27540,"mean, max, var",1,,,active,
credlmt_all,Credit limit for active loan.,A,creditbureaua1,creditbureaua1,1,27540,"mean, max, var",1,,,all,
dateofcredend_289D,End date of an active credit contract.,D,creditbureaua1,creditbureaua1,1,5970,"mean, max, var",1,,,active,
dateofcredend_353D,End date of a closed credit contract.,D,creditbureaua1,creditbureaua1,1,8975,"mean, max, var",1,,,closed,
dateofcredend_all,End date of an active credit contract.,D,creditbureaua1,creditbureaua1,1,5970,"mean, max, var",1,1,,all,
dateofcredstart_181D,Start date of an active credit contract.,D,creditbureaua1,creditbureaua1,1,6275,"mean, max, var",1,,,active,
dateofcredstart_739D,Start date of a closed credit contract.,D,creditbureaua1,creditbureaua1,1,4431,"mean, max, var",1,,,closed,
dateofcredstart_all,Start date of an active credit contract.,D,creditbureaua1,creditbureaua1,1,6275,"mean, max, var",1,,,all,
dateofrealrepmt_138D,Date of credit's closure (contract termination date).,D,creditbureaua1,creditbureaua1,1,5854,"mean, max, var",1,,,closed,
debtoutstand_525A,Outstanding amount of existing contract.,A,creditbureaua1,creditbureaua1,1,135691,"mean, max, var",1,,,active,
debtoutstand_all,Outstanding amount of existing contract.,A,creditbureaua1,creditbureaua1,1,135691,"mean, max, var",1,,,all,
debtoverdue_47A,Amount that is currently past due on a client's existing credit contract.,A,creditbureaua1,creditbureaua1,1,2382,"mean, max, var",1,,,active,
debtoverdue_all,Amount that is currently past due on a client's existing credit contract.,A,creditbureaua1,creditbureaua1,1,2382,"mean, max, var",1,,,all,
description_351M,Categorization of clients by credit bureau.,M,creditbureaua1,creditbureaua1,1,12,"mean, max",1,,,common,
dpdmax_139P,Maximal days past due for active contract.,P,creditbureaua1,creditbureaua1,1,1087,"mean, max, var",1,,,active,
dpdmax_757P,Maximum days past due for a closed contract.,P,creditbureaua1,creditbureaua1,1,3625,"mean, max, var",1,,,closed,
dpdmax_all,Maximal days past due for active contract.,P,creditbureaua1,creditbureaua1,1,1087,"mean, max, var",1,,,all,
dpdmaxdatemonth_442T,Max DPD occurrence month for terminated contracts from credit bureau data.,T,creditbureaua1,creditbureaua1,1,13,"mean, max",1,,,closed,
dpdmaxdatemonth_89T,Month when maximum days past due occurred on the active contract with the credit bureau.,T,creditbureaua1,creditbureaua1,1,13,"mean, max",1,,,active,
dpdmaxdatemonth_all,Month when maximum days past due occurred on the active contract with the credit bureau.,T,creditbureaua1,creditbureaua1,1,13,"mean, max",1,,,all,
dpdmaxdateyear_596T,Year when maximum Days Past Due (DPD) occurred for the active contract.,T,creditbureaua1,creditbureaua1,1,6,"mean, max",0,,,active,
dpdmaxdateyear_896T,Year of maximum Days Past Due of closed contract obtained from Credit Bureau.,T,creditbureaua1,creditbureaua1,1,19,"mean, max",0,,,closed,
dpdmaxdateyear_all,Year when maximum Days Past Due (DPD) occurred for the active contract.,T,creditbureaua1,creditbureaua1,1,6,"mean, max",0,,,all,
financialinstitution_382M,Name of financial institution that is linked to a closed contract.,M,creditbureaua1,creditbureaua1,1,260,"mean, max",1,,,closed,
financialinstitution_591M,Financial institution name of the active contract.,M,creditbureaua1,creditbureaua1,1,152,"mean, max",1,,,active,
financialinstitution_all,Financial institution name of the active contract.,M,creditbureaua1,creditbureaua1,1,152,"mean, max",1,,,all,
instlamount_768A,Instalment amount for the active contract in credit bureau.,A,creditbureaua1,creditbureaua1,1,50059,"mean, max, var",1,,,active,
instlamount_852A,Instalment amount for closed contract.,A,creditbureaua1,creditbureaua1,1,22792,"mean, max, var",1,,,closed,
instlamount_all,Instalment amount for the active contract in credit bureau.,A,creditbureaua1,creditbureaua1,1,50059,"mean, max, var",1,,,all,
interestrate_508L,Interest rate for a closed contract in the credit bureau.,L,creditbureaua1,creditbureaua1,1,143,"mean, max",1,,,closed,
lastupdate_1112D,Date of last update for an active contract from credit bureau.,D,creditbureaua1,creditbureaua1,1,203,"mean, max, var",1,,,active,
lastupdate_388D,Date of last update for a closed contract in the credit bureau.,D,creditbureaua1,creditbureaua1,1,4909,"mean, max, var",1,,,closed,
lastupdate_all,Date of last update for an active contract from credit bureau.,D,creditbureaua1,creditbureaua1,1,203,"mean, max, var",1,,,all,
monthlyinstlamount_332A,Monthly instalment amount for active contract.,A,creditbureaua1,creditbureaua1,1,118375,"mean, max, var",1,,,active,
monthlyinstlamount_674A,Monthly amount of instalment payment on a closed contract.,A,creditbureaua1,creditbureaua1,1,273081,"mean, max, var",1,,,closed,
monthlyinstlamount_all,Monthly instalment amount for active contract.,A,creditbureaua1,creditbureaua1,1,118375,"mean, max, var",1,,,all,
nominalrate_281L,Interest rate of the active contract.,L,creditbureaua1,creditbureaua1,1,545,"mean, max",1,,,active,
nominalrate_498L,Interest rate for closed contract.,L,creditbureaua1,creditbureaua1,1,1536,"mean, max",1,,,closed,
nominalrate_all,Interest rate of the active contract.,L,creditbureaua1,creditbureaua1,1,545,"mean, max",1,,,all,
numberofcontrsvalue_258L,Number of active contracts in credit bureau.,L,creditbureaua1,creditbureaua1,1,19,"mean, max",1,,,active,
numberofcontrsvalue_358L,Number of closed credit contracts.,L,creditbureaua1,creditbureaua1,1,114,"mean, max",1,,,closed,
numberofcontrsvalue_all,Number of active contracts in credit bureau.,L,creditbureaua1,creditbureaua1,1,19,"mean, max",1,,,all,
numberofinstls_229L,Number of instalments on closed contract.,L,creditbureaua1,creditbureaua1,1,321,"mean, max",1,,,closed,
numberofinstls_320L,Number of instalments of the active contract.,L,creditbureaua1,creditbureaua1,1,288,"mean, max",1,,,active,
numberofinstls_all,Number of instalments of the active contract.,L,creditbureaua1,creditbureaua1,1,288,"mean, max",1,,,all,
numberofoutstandinstls_520L,Number of outstanding instalment for closed contract.,L,creditbureaua1,creditbureaua1,1,175,"mean, max",1,,,closed,
numberofoutstandinstls_59L,Number of outstanding instalments for the active contracts.,L,creditbureaua1,creditbureaua1,1,291,"mean, max",1,,,active,
numberofoutstandinstls_all,Number of outstanding instalments for the active contracts.,L,creditbureaua1,creditbureaua1,1,291,"mean, max",1,,,all,
numberofoverdueinstlmax_1039L,Maximum number of past due installments for an active contract.,L,creditbureaua1,creditbureaua1,1,1239,"mean, max",1,,,active,
numberofoverdueinstlmax_1151L,Maximum number of past due installments for a closed contract.,L,creditbureaua1,creditbureaua1,1,3964,"mean, max",1,,,closed,
numberofoverdueinstlmax_all,Maximum number of past due installments for an active contract.,L,creditbureaua1,creditbureaua1,1,1239,"mean, max",1,,,all,
numberofoverdueinstlmaxdat_148D,Date of maximum number of past due instalments for the closed contract.,D,creditbureaua1,creditbureaua1,1,4671,"mean, max, var",1,,,closed,
numberofoverdueinstlmaxdat_641D,Date of maximum number of past due instalments for the active contract.,D,creditbureaua1,creditbureaua1,1,1620,"mean, max, var",1,,,active,
numberofoverdueinstlmaxdat_all,Date of maximum number of past due instalments for the active contract.,D,creditbureaua1,creditbureaua1,1,1620,"mean, max, var",1,,,all,
numberofoverdueinstls_725L,Maximum number of past due instalments for an active contract.,L,creditbureaua1,creditbureaua1,1,605,"mean, max",1,,,active,
numberofoverdueinstls_834L,Number of past due instalments for a closed contract.,L,creditbureaua1,creditbureaua1,1,119,"mean, max",1,,,closed,
numberofoverdueinstls_all,Maximum number of past due instalments for an active contract.,L,creditbureaua1,creditbureaua1,1,605,"mean, max",1,,,all,
outstandingamount_354A,Outstanding amount for closed credit contract in credit bureau.,A,creditbureaua1,creditbureaua1,1,154,"mean, max, var",1,,,closed,
outstandingamount_362A,Active contract's outstanding amount.,A,creditbureaua1,creditbureaua1,1,165005,"mean, max, var",1,,,active,
outstandingamount_all,Active contract's outstanding amount.,A,creditbureaua1,creditbureaua1,1,165005,"mean, max, var",1,,,all,
overdueamount_31A,Past due amount for a closed contract.,A,creditbureaua1,creditbureaua1,1,174,"mean, max, var",1,,,closed,
overdueamount_659A,Past due amount for active contract.,A,creditbureaua1,creditbureaua1,1,2696,"mean, max, var",1,,,active,
overdueamount_all,Past due amount for active contract.,A,creditbureaua1,creditbureaua1,1,2696,"mean, max, var",1,,,all,
overdueamountmax_155A,Maximal past due amount for active contract.,A,creditbureaua1,creditbureaua1,1,61697,"mean, max, var",1,,,active,
overdueamountmax_35A,Maximal past due amount for a closed contract.,A,creditbureaua1,creditbureaua1,1,216533,"mean, max, var",1,,,closed,
overdueamountmax_all,Maximal past due amount for active contract.,A,creditbureaua1,creditbureaua1,1,61697,"mean, max, var",1,,,all,
overdueamountmax2_14A,Maximal past due amount for an active contract.,A,creditbureaua1,creditbureaua1,1,75568,"mean, max, var",1,,,active,
overdueamountmax2_398A,Maximal overdue amount for a closed contract.,A,creditbureaua1,creditbureaua1,1,226965,"mean, max, var",1,,,closed,
overdueamountmax2_all,Maximal past due amount for an active contract.,A,creditbureaua1,creditbureaua1,1,75568,"mean, max, var",1,,,all,
overdueamountmax2date_1002D,Date of maximal past due amount for a closed contract,D,creditbureaua1,creditbureaua1,1,4538,"mean, max, var",1,,,closed,
overdueamountmax2date_1142D,Date of maximal past due amount for an active contract.,D,creditbureaua1,creditbureaua1,1,1772,"mean, max, var",1,,,active,
overdueamountmax2date_all,Date of maximal past due amount for an active contract.,D,creditbureaua1,creditbureaua1,1,1772,"mean, max, var",1,,,all,
overdueamountmaxdatemonth_284T,Month when the maximum past due amount occurred for a closed contract.,T,creditbureaua1,creditbureaua1,1,13,"mean, max",1,,,closed,
overdueamountmaxdatemonth_365T,Month when maximum past due amount occurred for an active contract.,T,creditbureaua1,creditbureaua1,1,13,"mean, max",1,,,active,
overdueamountmaxdatemonth_all,Month when maximum past due amount occurred for an active contract.,T,creditbureaua1,creditbureaua1,1,13,"mean, max",1,,,all,
overdueamountmaxdateyear_2T,Year when the maximum past due amount occurred for active contracts.,T,creditbureaua1,creditbureaua1,1,6,"mean, max",0,,,active,
overdueamountmaxdateyear_994T,Year when maximum past due amount occurred for closed contract.,T,creditbureaua1,creditbureaua1,1,19,"mean, max",0,,,closed,
overdueamountmaxdateyear_all,Year when the maximum past due amount occurred for active contracts.,T,creditbureaua1,creditbureaua1,1,6,"mean, max",0,,,all,
periodicityofpmts_1102L,Frequency of instalments for a closed contract.,L,creditbureaua1,creditbureaua1,1,6,"mean, max",1,,,closed,
periodicityofpmts_837L,Frequency of instalments for an active contract.,L,creditbureaua1,creditbureaua1,1,6,"mean, max",1,,,active,
periodicityofpmts_all,Frequency of instalments for an active contract.,L,creditbureaua1,creditbureaua1,1,6,"mean, max",1,,,all,
prolongationcount_1120L,Count of prolongations on terminated contract according to credit bureau.,L,creditbureaua1,creditbureaua1,1,55,"mean, max",1,,,closed,
prolongationcount_599L,Count of active contract prolongations.,L,creditbureaua1,creditbureaua1,1,28,"mean, max",1,,,active,
prolongationcount_all,Count of active contract prolongations.,L,creditbureaua1,creditbureaua1,1,28,"mean, max",1,,,all,
purposeofcred_426M,Purpose of credit for active contract.,M,creditbureaua1,creditbureaua1,1,17,"mean, max",1,,,active,
purposeofcred_874M,Purpose of credit on a closed contract.,M,creditbureaua1,creditbureaua1,1,24,"mean, max",1,,,closed,
purposeofcred_all,Purpose of credit for active contract.,M,creditbureaua1,creditbureaua1,1,17,"mean, max",1,,,all,
refreshdate_3813885D,Date when the credit bureau's public sources have been last updated.,D,creditbureaua1,creditbureaua1,1,132,"mean, max, var",1,,,common,
residualamount_488A,Residual amount of a closed contract.,A,creditbureaua1,creditbureaua1,1,2,"mean, max, var",1,,,closed,
residualamount_856A,Residual amount for the active contract.,A,creditbureaua1,creditbureaua1,1,79475,"mean, max, var",1,,,active,
residualamount_all,Residual amount for the active contract.,A,creditbureaua1,creditbureaua1,1,79475,"mean, max, var",1,,,all,
subjectrole_182M,Subject role in active credit contract.,M,creditbureaua1,creditbureaua1,1,6,"mean, max",1,,,active,
subjectrole_93M,Subject role in closed credit contract.,M,creditbureaua1,creditbureaua1,1,8,"mean, max",1,,,closed,
subjectrole_all,Subject role in active credit contract.,M,creditbureaua1,creditbureaua1,1,6,"mean, max",1,,,all,
totalamount_6A,Total amount of closed contracts.,A,creditbureaua1,creditbureaua1,1,193529,"mean, max, var",1,,,closed,
totalamount_996A,Total amount of active contracts in the credit bureau.,A,creditbureaua1,creditbureaua1,1,62185,"mean, max, var",1,,,active,
totalamount_all,Total amount of active contracts in the credit bureau.,A,creditbureaua1,creditbureaua1,1,62185,"mean, max, var",1,,,all,
totaldebtoverduevalue_178A,Total amount of past due debt on active contracts.,A,creditbureaua1,creditbureaua1,1,2396,"mean, max, var",1,,,active,
totaldebtoverduevalue_718A,Total overdue debt amount for closed credit contracts.,A,creditbureaua1,creditbureaua1,1,173,"mean, max, var",1,,,closed,
totaldebtoverduevalue_all,Total amount of past due debt on active contracts.,A,creditbureaua1,creditbureaua1,1,2396,"mean, max, var",1,,,all,
totaloutstanddebtvalue_39A,Total outstanding debt for active contracts in the credit bureau.,A,creditbureaua1,creditbureaua1,1,139100,"mean, max, var",1,,,active,
totaloutstanddebtvalue_668A,Total outstanding debt for the closed contracts in the credit bureau.,A,creditbureaua1,creditbureaua1,1,146,"mean, max, var",1,,,closed,
totaloutstanddebtvalue_all,Total outstanding debt for active contracts in the credit bureau.,A,creditbureaua1,creditbureaua1,1,139100,"mean, max, var",1,,,all,
collater_typofvalofguarant_298M,Collateral valuation type (active contract).,M,creditbureaua2,creditbureaua2,2,4,"mean, max",1,,,active,
collater_typofvalofguarant_407M,Collateral valuation type (closed contract).,M,creditbureaua2,creditbureaua2,2,7,"mean, max",1,,,closed,
collater_typofvalofguarant_all,Collateral valuation type (active contract).,M,creditbureaua2,creditbureaua2,2,4,"mean, max",1,,,all,
collater_valueofguarantee_1124L,Value of collateral for active contract.,L,creditbureaua2,creditbureaua2,2,6659,"mean, max",1,,,active,
collater_valueofguarantee_876L,Value of collateral for closed contract.,L,creditbureaua2,creditbureaua2,2,17094,"mean, max",1,,,closed,
collater_valueofguarantee_all,Value of collateral for active contract.,L,creditbureaua2,creditbureaua2,2,6659,"mean, max",1,,,all,
collaterals_typeofguarante_359M,Type of collateral that was used as a guarantee for a closed contract.,M,creditbureaua2,creditbureaua2,2,15,"mean, max",1,,,closed,
collaterals_typeofguarante_669M,Collateral type for the active contract.,M,creditbureaua2,creditbureaua2,2,14,"mean, max",1,,,active,
collaterals_typeofguarante_all,Collateral type for the active contract.,M,creditbureaua2,creditbureaua2,2,14,"mean, max",1,,,all,
pmts_dpd_1073P,"Days past due of the payment for the active contract (num_group1 - existing contract, num_group2 - payment).",P,creditbureaua2,creditbureaua2,2,2147,"mean, max, var",1,,,active,
pmts_dpd_303P,"Days past due of the payment for terminated contract according to credit bureau (num_group1 - terminated contract, num_group2 - payment).",P,creditbureaua2,creditbureaua2,2,4146,"mean, max, var",1,,,closed,
pmts_dpd_all,"Days past due of the payment for the active contract (num_group1 - existing contract, num_group2 - payment).",P,creditbureaua2,creditbureaua2,2,2147,"mean, max, var",1,,,all,
pmts_month_158T,"Month of payment for a closed contract (num_group1 - existing contract, num_group2 - payment).",T,creditbureaua2,creditbureaua2,2,13,"mean, max",1,,,closed,
pmts_month_706T,"Month of payment for active contract (num_group1 - terminated contract, num_group2 - payment).",T,creditbureaua2,creditbureaua2,2,13,"mean, max",1,,,active,
pmts_month_all,"Month of payment for active contract (num_group1 - terminated contract, num_group2 - payment).",T,creditbureaua2,creditbureaua2,2,13,"mean, max",1,1,,all,
pmts_overdue_1140A,"Overdue payment for an active contract (num_group1 - existing contract, num_group2 - payment).",A,creditbureaua2,creditbureaua2,2,69984,"mean, max, var",1,,,active,
pmts_overdue_1152A,"Overdue payment for a closed contract (num_group1 - terminated contract, num_group2 - payment).",A,creditbureaua2,creditbureaua2,2,448987,"mean, max, var",1,,,closed,
pmts_overdue_all,"Overdue payment for an active contract (num_group1 - existing contract, num_group2 - payment).",A,creditbureaua2,creditbureaua2,2,69984,"mean, max, var",1,,,all,
pmts_year_1139T,"Year of payment for an active contract (num_group1 - existing contract, num_group2 - payment).",T,creditbureaua2,creditbureaua2,2,7,"mean, max",0,,,active,
pmts_year_507T,"Payment year for a closed credit contract (num_group1 - terminated contract, num_group2 - payment).",T,creditbureaua2,creditbureaua2,2,22,"mean, max",0,,,closed,
pmts_year_all,"Year of payment for an active contract (num_group1 - existing contract, num_group2 - payment).",T,creditbureaua2,creditbureaua2,2,7,"mean, max",0,,,all,
subjectroles_name_541M,"Name of subject role in closed credit contract (num_group1 - terminated contract, num_group2 - subject roles).",M,creditbureaua2,creditbureaua2,2,10,"mean, max",1,,,closed,
subjectroles_name_838M,"Name of subject role in active credit contract (num_group1 - existing contract, num_group2 - subject roles).",M,creditbureaua2,creditbureaua2,2,7,"mean, max",1,,,active,
subjectroles_name_all,"Name of subject role in active credit contract (num_group1 - existing contract, num_group2 - subject roles).",M,creditbureaua2,creditbureaua2,2,7,"mean, max",1,,,all,
amount_1115A,Credit amount of the active contract provided by the credit bureau.,A,creditbureaub1,creditbureaub1,1,20527,"mean, max, var",0,,,active,
classificationofcontr_1114M,Classificiation of the active contract.,M,creditbureaub1,creditbureaub1,1,10,"mean, max",1,,,active,
contractdate_551D,Contract date of the active contract,D,creditbureaub1,creditbureaub1,1,4076,"mean, max, var",0,,,active,
contractmaturitydate_151D,End date of active contract.,D,creditbureaub1,creditbureaub1,1,4538,"mean, max, var",0,,,active,
contractst_516M,Contract status.,M,creditbureaub1,creditbureaub1,1,15,"mean, max",1,,,common,
contracttype_653M,Contract Type,M,creditbureaub1,creditbureaub1,1,25,"mean, max",1,,,common,
credlmt_1052A,Credit limit of an active loan.,A,creditbureaub1,creditbureaub1,1,9635,"mean, max, var",0,,,active,
credlmt_228A,Credit limit for closed loans.,A,creditbureaub1,creditbureaub1,1,3536,"mean, max, var",0,,,closed,
credlmt_3940954A,Credit limit for active loan.,A,creditbureaub1,creditbureaub1,1,9660,"mean, max, var",0,,,active,
credor_3940957M,Creditor's name,M,creditbureaub1,creditbureaub1,1,151,"mean, max",1,,,common,
credquantity_1099L,Number of credits in credit bureau,L,creditbureaub1,creditbureaub1,1,15,"mean, max",0,,,common,
credquantity_984L,Number of closed credits in credit bureau.,L,creditbureaub1,creditbureaub1,1,73,"mean, max",0,,,closed,
debtpastduevalue_732A,Amount of unpaid debt for existing contracts.,A,creditbureaub1,creditbureaub1,1,5854,"mean, max, var",0,,,active,
debtvalue_227A,Outstanding amount for existing debt contracts.,A,creditbureaub1,creditbureaub1,1,41242,"mean, max, var",0,,,active,
dpd_550P,The number of days past due for active loans where a guarantee has been provided.,P,creditbureaub1,creditbureaub1,1,4872,"mean, max, var",0,,,active,
dpd_733P,Days past due (DPD) for guaranteed loans that were terminated according to credit bureau data.,P,creditbureaub1,creditbureaub1,1,43,"mean, max, var",0,,,closed,
dpd_all,The number of days past due for active loans where a guarantee has been provided.,P,creditbureaub1,creditbureaub1,1,4872,"mean, max, var",0,,,active,
dpdmax_851P,Maximal past due days for active contracts in the credit bureau.,P,creditbureaub1,creditbureaub1,1,20158,"mean, max, var",0,,,active,
dpdmaxdatemonth_804T,Month when the maximum Day Past Due (DPD) occurred for active contracts on credit bureau's records.,T,creditbureaub1,creditbureaub1,1,13,"mean, max",1,,,active,
dpdmaxdateyear_742T,Year of the maximum Days Past Due (DPD) on an active credit contract in the credit bureau.,T,creditbureaub1,creditbureaub1,1,16,"mean, max",0,,,active,
installmentamount_644A,Instalment amount of a closed and secured credit contract.,A,creditbureaub1,creditbureaub1,1,84,"mean, max, var",0,,,closed,
installmentamount_833A,Instalment amount for a secured and active contract in credit bureau.,A,creditbureaub1,creditbureaub1,1,41973,"mean, max, var",0,,,active,
instlamount_892A,Instalment amount for active credit contract.,A,creditbureaub1,creditbureaub1,1,31160,"mean, max, var",0,,,active,
interesteffectiverate_369L,Interest rate on active contract.,L,creditbureaub1,creditbureaub1,1,2643,"mean, max",0,,,active,
interestrateyearly_538L,Annual interest rate for existing contract obtained from credit bureau.,L,creditbureaub1,creditbureaub1,1,419,"mean, max",0,,,active,
lastupdate_260D,Last update date for the active contracts.,D,creditbureaub1,creditbureaub1,1,612,"mean, max, var",1,,,active,
maxdebtpduevalodued_3940955A,Days past due at the time of the maximum debt.,P,creditbureaub1,creditbureaub1,1,1474,"mean, max, var",0,,,common,
numberofinstls_810L,Number of instalments for the active contract.,L,creditbureaub1,creditbureaub1,1,244,"mean, max",0,,,active,
overdueamountmax_950A,Maximal past due amount for active contract.,A,creditbureaub1,creditbureaub1,1,1835,"mean, max, var",0,,,active,
overdueamountmaxdatemonth_494T,Month when the maximum past due amount was recorded for an active contract with the credit bureau.,T,creditbureaub1,creditbureaub1,1,13,"mean, max",0,,,active,
overdueamountmaxdateyear_432T,Year when max past due amount occurred for active contract.,T,creditbureaub1,creditbureaub1,1,16,"mean, max",0,,,active,
periodicityofpmts_997L,Frequency of instalments for active credit contracts.,L,creditbureaub1,creditbureaub1,1,6,"mean, max",0,,,active,
periodicityofpmts_997M,Frequency of instalments for active credit contracts.,L,creditbureaub1,creditbureaub1,1,11,"mean, max",0,,,active,
pmtdaysoverdue_1135P,Number of days past due for existing contracts in the credit bureau.,P,creditbureaub1,creditbureaub1,1,1634,"mean, max, var",0,,,active,
pmtmethod_731M,Instalment payment method for existing contract in credit bureau.,M,creditbureaub1,creditbureaub1,1,10,"mean, max",1,,,active,
pmtnumpending_403L,Number of pending payments for active contract.,L,creditbureaub1,creditbureaub1,1,263,"mean, max",0,,,active,
purposeofcred_722M,Purpose of credit for active contracts.,M,creditbureaub1,creditbureaub1,1,16,"mean, max",1,,,active,
residualamount_1093A,Residual amount of closed guarantee contract.,A,creditbureaub1,creditbureaub1,1,3,"mean, max, var",0,,,closed,
residualamount_127A,Residual amount of active guarantee contract.,A,creditbureaub1,creditbureaub1,1,17357,"mean, max, var",0,,,active,
residualamount_3940956A,Residual amount for the active contract.,A,creditbureaub1,creditbureaub1,1,21889,"mean, max, var",0,,,active,
subjectrole_326M,Subject role in active credit contract.,M,creditbureaub1,creditbureaub1,1,6,"mean, max",1,,,active,
subjectrole_43M,Subject role in closed credit contract.,M,creditbureaub1,creditbureaub1,1,6,"mean, max",1,,,closed,
totalamount_503A,Total amount of active secured credit for a client.,A,creditbureaub1,creditbureaub1,1,25798,"mean, max, var",0,,,active,
totalamount_881A,Total amount of secured credit from closed contracts.,A,creditbureaub1,creditbureaub1,1,29138,"mean, max, var",0,,,closed,
pmts_date_1107D,"Payment date for an active contract according to credit bureau (num_group1 - contract, num_group2 - payment).",D,creditbureaub2,creditbureaub2,2,58,"mean, max, var",0,,,active,
pmts_dpdvalue_108P,"Value of past due payment for active contract (num_group1 - existing contract, num_group2 - payment).",P,creditbureaub2,creditbureaub2,2,62862,"mean, max, var",0,,,active,
pmts_pmtsoverdue_635A,"Active contract that has overdue payments (num_group1 - existing contract, num_group2 - payment).",A,creditbureaub2,creditbureaub2,2,4164,"mean, max, var",0,,,active,
last180dayaveragebalance_704A,Average balance on debit card in the last 180 days.,A,debitcard1,debitcard1,1,2496,"mean, max, var",1,,,,
last180dayturnover_1134A,Debit card's turnover within the last 180 days.,A,debitcard1,debitcard1,1,2582,"mean, max, var",1,,,,
last30dayturnover_651A,Debit card turnover for the last 30 days.,A,debitcard1,debitcard1,1,483,"mean, max, var",1,,,,
openingdate_857D,Debit card opening date.,D,debitcard1,debitcard1,1,1579,"mean, max, var",1,1,,,
amount_416A,Deposit amount.,A,deposit1,deposit1,1,40724,"mean, max, var",1,,,,
contractenddate_991D,End date of deposit contract.,D,deposit1,deposit1,1,1525,"mean, max, var",1,,,,
openingdate_313D,Deposit account opening date.,D,deposit1,deposit1,1,1579,"mean, max, var",1,1,,,
amtdebitincoming_4809443A,Incoming debit card transactions amount.,A,other1,other1,1,9704,"mean, max, var",1,,,,
amtdebitoutgoing_4809440A,Outgoing debit card transactions amount.,A,other1,other1,1,9700,"mean, max, var",1,,,,
amtdepositbalance_4809441A,Deposit balance of client.,A,other1,other1,1,8915,"mean, max, var",1,,,,
amtdepositincoming_4809444A,Amount of incoming deposits to client's account.,A,other1,other1,1,2625,"mean, max, var",1,,,,
amtdepositoutgoing_4809442A,Amount of outgoing deposits from client's account.,A,other1,other1,1,5561,"mean, max, var",1,,,,
birth_259D,Date of birth of the person.,D,person1,person1,1,681,"mean, max, var",1,,,,
birthdate_87D,Birth date of the person.,D,person1,person1,1,660,"mean, max, var",1,,,,
childnum_185L,Number of children of the applicant.,L,person1,person1,1,12,"mean, max",0,,,,
contaddr_district_15M,Zip code of a contact person's address.,M,person1,person1,1,975,"mean, max",1,,,,
contaddr_matchlist_1032L,Indicates whether the contact address is found in a code list.,L,person1,person1,1,2,"mean, max",1,,,,
contaddr_smempladdr_334L,Indicates whether the contact address is the same as the employment address.,L,person1,person1,1,3,"mean, max",1,,,,
contaddr_zipcode_807M,Zip code of contact address.,M,person1,person1,1,3530,"mean, max",0,,,,
education_927M,Education level of the person.,M,person1,person1,1,6,"mean, max",1,,,,
empl_employedfrom_271D,Start date of employment.,D,person1,person1,1,8076,"mean, max, var",1,,,,
empl_employedtotal_800L,Employment length of a person.,L,person1,person1,1,4,"mean, max",1,,,,
empl_industry_691L,Employment Industry of the person.,L,person1,person1,1,25,"mean, max",1,,,,
empladdr_district_926M,District where the employer's address is located.,M,person1,person1,1,223,"mean, max",1,,,,
empladdr_zipcode_114M,Zipcode of employer's address.,M,person1,person1,1,3339,"mean, max",1,,,,
familystate_447L,Family state of the person.,L,person1,person1,1,6,"mean, max",1,,,,
gender_992L,Gender of a person.,L,person1,person1,1,3,"mean, max",1,,,,
housetype_905L,House type of the person.,L,person1,person1,1,7,"mean, max",1,,,,
housingtype_772L,Type of housing of the person.,L,person1,person1,1,7,"mean, max",0,,,,
incometype_1044T,Type of income of the person,T,person1,person1,1,10,"mean, max",1,,,,
isreference_387L,Flag indicating whether the person is a reference contact.,L,person1,person1,1,3,"mean, max",0,,,,
language1_981M,The primary language of the person.,M,person1,person1,1,3,"mean, max",1,,,,
mainoccupationinc_384A,Amount of the main income of the client.,A,person1,person1,1,6633,"mean, max, var",1,,,,
maritalst_703L,Marital status of the client.,L,person1,person1,1,6,"mean, max",0,,,,
personindex_1023L,Order of the person specified on the application form.,L,person1,person1,1,8,"mean, max",0,,,,
persontype_1072L,Person type.,L,person1,person1,1,4,"mean, max",1,,,,
persontype_792L,Person type.,L,person1,person1,1,4,"mean, max",0,,,,
registaddr_district_1083M,District of person's registered address.,M,person1,person1,1,991,"mean, max",1,,,,
registaddr_zipcode_184M,Registered address's zip code of a person.,M,person1,person1,1,3531,"mean, max",1,,,,
relationshiptoclient_415T,Relationship to the client.,T,person1,person1,1,11,"mean, max",0,,,,
relationshiptoclient_642T,Relationship to the client.,T,person1,person1,1,11,"mean, max",0,,,,
remitter_829L,Flag indicating whether the client is a remitter.,L,person1,person1,1,2,"mean, max",0,,,,
role_1084L,Type of contact role.,L,person1,person1,1,4,"mean, max",1,,,,
role_993L,Person's role.,L,person1,person1,1,2,"mean, max",1,,,,
safeguarantyflag_411L,Flag indicating if client is using a flexible product with additional safeguard garanty.,L,person1,person1,1,3,"mean, max",1,,,,
sex_738L,Gender of the client.,L,person1,person1,1,3,"mean, max",1,,,,
type_25L,Contact type of a person.,L,person1,person1,1,9,"mean, max",1,,,,
addres_district_368M,District of the person's address.,M,person2,person2,2,508,"mean, max",0,,,,
addres_role_871L,Role of person's address.,L,person2,person2,2,9,"mean, max",0,,,,
addres_zip_823M,Zip code of the address.,M,person2,person2,2,2027,"mean, max",0,,,,
conts_role_79M,Type of contact role of a person.,M,person2,person2,2,11,"mean, max",1,,,,
empls_economicalst_849M,"The economical status of the person (num_group1 - person, num_group2 - employment).",M,person2,person2,2,10,"mean, max",1,,,,
empls_employedfrom_796D,"Start of employment (num_group1 - person, num_group2 - employment).",D,person2,person2,2,802,"mean, max, var",0,,,,
empls_employer_name_740M,"Employer's name (num_group1 - person, num_group2 - employment).",M,person2,person2,2,7153,"mean, max",0,,,,
relatedpersons_role_762T,"Relationship type of a client's related person (num_group1 - person, num_group2 - related person).",T,person2,person2,2,11,"mean, max",0,,,,
actualdpdtolerance_344P,DPD of client with tolerance.,P,static0,static0,0,137,,1,,,,
amtinstpaidbefduel24m_4187115A,Number of instalments paid before due date in the last 24 months.,A,static0,static0,0,288168,,1,,,,
annuity_780A,Monthly annuity amount.,A,static0,static0,0,59226,,1,,,,
annuitynextmonth_57A,Next month's amount of annuity.,A,static0,static0,0,51867,,1,,,,
applicationcnt_361L,Number of applications associated with the same email address as the client.,L,static0,static0,0,4,,1,,,,
applications30d_658L,Number of applications made by the client in the last 30 days.,L,static0,static0,0,25,,1,,,,
applicationscnt_1086L,Number of applications associated with the same phone number.,L,static0,static0,0,110,,1,,,,
applicationscnt_464L,Number of applications made in the last 30 days by other clients with the same employer as the applicant.,L,static0,static0,0,246,,1,,,,
applicationscnt_629L,Number of applications with the same employer in the last 7 days.,L,static0,static0,0,90,,1,,,,
applicationscnt_867L,Number of applications associated with the same mobile phone.,L,static0,static0,0,150,,1,,,,
avgdbddpdlast24m_3658932P,Average days past or before due of payment during the last 24 months.,P,static0,static0,0,3473,,1,,,,
avgdbddpdlast3m_4187120P,Average days past or before due of payment during the last 3 months.,P,static0,static0,0,2553,,1,,,,
avgdbdtollast24m_4525197P,Average days of payment before due date within the last 24 months (with tolerance).,P,static0,static0,0,3451,,1,,,,
avgdpdtolclosure24_3658938P,"Average DPD (days past due) with tolerance within the past 24 months from the maximum closure date, assuming that the contract is finished. If the contract is ongoing, the calculation is based on the current date.",P,static0,static0,0,3488,,1,,,,
avginstallast24m_3658937A,Average instalments paid by the client over the past 24 months.,A,static0,static0,0,74716,,1,,,,
avglnamtstart24m_4525187A,Average loan amount in the last 24 months.,A,static0,static0,0,38223,,1,,,,
avgmaxdpdlast9m_3716943P,Average Days Past Due (DPD) of the client in last 9 months.,P,static0,static0,0,193,,1,,,,
avgoutstandbalancel6m_4187114A,Average outstanding balance of applicant for the last 6 months.,A,static0,static0,0,241149,,1,,,,
avgpmtlast12m_4525200A,Average of payments made by the client in the last 12 months.,A,static0,static0,0,80898,,1,,,,
bankacctype_710L,Type of applicant's bank account.,L,static0,static0,0,2,,1,,,,
cardtype_51L,Type of credit card.,L,static0,static0,0,3,,1,,,,
clientscnt_100L,Number of applications with matching employer's phone and client's.,L,static0,static0,0,14,,1,,,,
clientscnt_1022L,Number of clients sharing the same mobile phone.,L,static0,static0,0,100,,1,,,,
clientscnt_1071L,Number of applications where the alternative phone number matches that of the client.,L,static0,static0,0,8,,1,,,,
clientscnt_1130L,Number of applications where client's phone number matches the alternative phone contact.,L,static0,static0,0,20,,1,,,,
clientscnt_136L,Number of applications associated with same email address as client's email.,L,static0,static0,0,4,,1,,,,
clientscnt_157L,Number of clients whose employer has the same phone number as the client.,L,static0,static0,0,27,,1,,,,
clientscnt_257L,Number of clients that share an alternative phone number with the applicant.,L,static0,static0,0,11,,1,,,,
clientscnt_304L,Number of clients with the same phone number.,L,static0,static0,0,37,,1,,,,
clientscnt_360L,Number of clients that have the same alternative phone number and employer's phone number.,L,static0,static0,0,7,,1,,,,
clientscnt_493L,Number of clients with matching phone numbers for both the employer and the client.,L,static0,static0,0,67,,1,,,,
clientscnt_533L,Number of clients with same client's and alternative's phone number,L,static0,static0,0,8,,1,,,,
clientscnt_887L,Number of clients sharing the same employer's phone number.,L,static0,static0,0,456,,1,,,,
clientscnt_946L,Number of clients with matching mobile and employer's number.,L,static0,static0,0,19,,1,,,,
clientscnt12m_3712952L,Number of clients that have used the same mobile phone as the applicant in the past 12 months.,L,static0,static0,0,86,,1,,,,
clientscnt3m_3712950L,Number of clients who have the same mobile phone number in the last 3 months.,L,static0,static0,0,74,,1,,,,
clientscnt6m_3712949L,Total number of clients who have used the same mobile number in the last 6 months.,L,static0,static0,0,85,,1,,,,
cntincpaycont9m_3716944L,Number of incoming payments in the past 9 months.,L,static0,static0,0,102,,1,,,,
cntpmts24_3658933L,Number of months with any incoming payment in last 24 months.,L,static0,static0,0,27,,1,,,,
commnoinclast6m_3546845L,Number of communications indicating low income in the last six months.,L,static0,static0,0,2,,1,,,,
credamount_770A,Loan amount or credit card limit.,A,static0,static0,0,92052,,1,,,,
credtype_322L,Type of credit.,L,static0,static0,0,3,,1,,,,
currdebt_22A,Current debt amount of the client.,A,static0,static0,0,159954,,1,,,,
currdebtcredtyperange_828A,Current amount of debt of the applicant.,A,static0,static0,0,99220,,1,,,,
datefirstoffer_1144D,Date of first customer relationship management (CRM) offer.,D,static0,static0,0,1378,,1,,,,
datelastinstal40dpd_247D,Date of last instalment that was more than 40 days past due (DPD).,D,static0,static0,0,5021,,1,,,,
datelastunpaid_3546854D,Date of the last unpaid instalment.,D,static0,static0,0,5158,,1,,,,
daysoverduetolerancedd_3976961L,Number of days that past after the due date (with tolerance).,L,static0,static0,0,4323,,1,,,,
deferredmnthsnum_166L,Number of deferred months.,L,static0,static0,0,1,,1,,,,
disbursedcredamount_1113A,Disbursed credit amount after consolidation.,A,static0,static0,0,95505,,1,,,,
disbursementtype_67L,Type of disbursement.,L,static0,static0,0,4,,1,,,,
downpmt_116A,Amount of downpayment.,A,static0,static0,0,4867,,1,,,,
dtlastpmtallstes_4499206D,Date of last payment made by the applicant.,D,static0,static0,0,4388,,1,,,,
eir_270L,Interest rate.,L,static0,static0,0,102,,1,,,,
equalitydataagreement_891L,"Flag indicating sudden changes in client's social-demographic data (e.g. education, family status, housing type).",L,static0,static0,0,3,,1,,,,
equalityempfrom_62L,Flag indicating a sudden change in the client's length of employment.,L,static0,static0,0,3,,1,,,,
firstclxcampaign_1125D,Date of the client's first campaign.,D,static0,static0,0,1237,,1,,,,
firstdatedue_489D,Date of the first due date.,D,static0,static0,0,5117,,1,,,,
homephncnt_628L,Number of distinct home phones on client's application.,L,static0,static0,0,14,,1,,,,
inittransactionamount_650A,Initial transaction amount of the credit application.,A,static0,static0,0,22749,,1,,,,
inittransactioncode_186L,Transaction type of the initial credit transaction.,L,static0,static0,0,3,,1,,,,
interestrate_311L,The interest rate of the active credit contract.,L,static0,static0,0,102,,1,,,,
interestrategrace_34L,Interest rate during the grace period.,L,static0,static0,0,2,,1,,,,
isbidproduct_1095L,Flag indicating if the product is a cross-sell.,L,static0,static0,0,2,,1,,,,
isbidproductrequest_292L,Flag indicating if the product is a cross-sell.,L,static0,static0,0,2,,1,,,,
isdebitcard_729L,Flag indicating if the product is a debit card.,L,static0,static0,0,2,,0,,,,
lastactivateddate_801D,Contract activation date for previous applications.,D,static0,static0,0,4083,,1,,,,
lastapplicationdate_877D,Date of previous customer's application.,D,static0,static0,0,5208,,1,,,,
lastapprcommoditycat_1041M,Commodity category of the last loan applications made by the applicant.,M,static0,static0,0,42,,1,,,,
lastapprcommoditytypec_5251766M,Commodity type of the last application.,M,static0,static0,0,214,,1,,,,
lastapprcredamount_781A,Credit amount from the client's last application.,A,static0,static0,0,68116,,1,,,,
lastapprdate_640D,Date of approval on client's most recent previous application.,D,static0,static0,0,5301,,1,,,,
lastcancelreason_561M,Cancellation reason of the last application.,M,static0,static0,0,67,,1,,,,
lastdelinqdate_224D,Date of the last delinquency occurrence.,D,static0,static0,0,3960,,1,,,,
lastdependentsnum_448L,Number of dependents in the client's last loan application.,L,static0,static0,0,10,,1,,,,
lastotherinc_902A,Amount of other income reported by the client in their last application.,A,static0,static0,0,20,,1,,,,
lastotherlnsexpense_631A,Monthly expenses on other loans from the last application.,A,static0,static0,0,126,,1,,,,
lastrejectcommoditycat_161M,Category of commodity in the applicant's last rejected application.,M,static0,static0,0,40,,1,,,,
lastrejectcommodtypec_5251769M,Commodity type of the last rejected application.,M,static0,static0,0,187,,1,,,,
lastrejectcredamount_222A,Credit amount on last rejected application.,A,static0,static0,0,40868,,1,,,,
lastrejectdate_50D,Date of most recent rejected application by the applicant.,D,static0,static0,0,5321,,1,,,,
lastrejectreason_759M,Reason for rejection on the most recent rejected application.,M,static0,static0,0,17,,1,,,,
lastrejectreasonclient_4145040M,Reason for the client's last loan rejection.,M,static0,static0,0,14,,1,,,,
lastrepayingdate_696D,Date of the last payment made by the applicant.,D,static0,static0,0,298,,1,,,,
lastst_736L,Status of the client's previous credit application.,L,static0,static0,0,12,,1,,,,
maininc_215A,Client's primary income amount.,A,static0,static0,0,4069,,1,,,,
mastercontrelectronic_519L,Flag indicating the existence of the master contract for the client.,L,static0,static0,0,2,,1,,,,
mastercontrexist_109L,Flag indicating whether or not the applicant has an existing master contract.,L,static0,static0,0,2,,1,,,,
maxannuity_159A,Maximum annuity previously obtained by client.,A,static0,static0,0,175921,,1,,,,
maxannuity_4075009A,Maximal annuity offered to the client in the current application.,A,static0,static0,0,3552,,1,,,,
maxdbddpdlast1m_3658939P,Maximum number of days past due in the last month. A negative value indicates the number of days before the due date.,P,static0,static0,0,1531,,1,,,,
maxdbddpdtollast12m_3658940P,Maximum number of days past due in last 12 months. A negative value implies days before due date.,P,static0,static0,0,3048,,1,,,,
maxdbddpdtollast6m_4187119P,Maximum number of days past due in last 6 months. This predictor takes the value as a negative number when it represents days before due date.,P,static0,static0,0,2302,,1,,,,
maxdebt4_972A,Maximal principal debt of the client in the history older than 4 months.,A,static0,static0,0,207891,,1,,,,
maxdpdfrom6mto36m_3546853P,Maximum Days Past Due (DPD) in the period ranging from 6 to 36 months.,P,static0,static0,0,3280,,1,,,,
maxdpdinstldate_3546855D,Date of instalment on which client was most days past due.,D,static0,static0,0,5196,,1,,,,
maxdpdinstlnum_3546846P,Instalment number of which client was most days past due.,P,static0,static0,0,63,,1,,,,
maxdpdlast12m_727P,Maximum days past due in the past 12 months.,P,static0,static0,0,2428,,1,,,,
maxdpdlast24m_143P,Maximal days past due in the last 24 months.,P,static0,static0,0,3129,,1,,,,
maxdpdlast3m_392P,Maximum number of days past due in last 3 months.,P,static0,static0,0,1127,,1,,,,
maxdpdlast6m_474P,Maximum days past due in the last 6 months.,P,static0,static0,0,1629,,1,,,,
maxdpdlast9m_1059P,Maximum days past due in last 9 months.,P,static0,static0,0,2052,,1,,,,
maxdpdtolerance_374P,Maximum number of days past due (with tolerance).,P,static0,static0,0,3584,,1,,,,
maxinstallast24m_3658928A,Maximum instalment in the last 24 months,A,static0,static0,0,142613,,1,,,,
maxlnamtstart6m_4525199A,Maximum loan amount started in the last 6 months.,A,static0,static0,0,163874,,1,,,,
maxoutstandbalancel12m_4187113A,Maximum outstanding balance in the last 12 months.,A,static0,static0,0,233546,,1,,,,
maxpmtlast3m_4525190A,Maximum payment made by the client in the last 3 months.,A,static0,static0,0,98639,,1,,,,
mindbddpdlast24m_3658935P,Minimum days past due (or days before due) in last 24 months.,P,static0,static0,0,3357,,1,,,,
mindbdtollast24m_4525191P,Minimum days before due in last 24 months.,P,static0,static0,0,3350,,1,,,,
mobilephncnt_593L,Number of persons with the same mobile phone number.,L,static0,static0,0,22,,1,,,,
monthsannuity_845L,Monthly annuity amount for the applicant.,L,static0,static0,0,168,,1,,,,
numactivecreds_622L,Number of active credits.,L,static0,static0,0,8,,1,,,,
numactivecredschannel_414L,Number of active credits.,L,static0,static0,0,5,,1,,,,
numactiverelcontr_750L,Number of active revolving credits.,L,static0,static0,0,7,,1,,,,
numcontrs3months_479L,Number of contracts in last 3 months.,L,static0,static0,0,42,,1,,,,
numincomingpmts_3546848L,Number of incoming payments.,L,static0,static0,0,333,,1,,,,
numinstlallpaidearly3d_817L,Number of instalments paid at least 3 days prior to their due date.,L,static0,static0,0,287,,1,,,,
numinstls_657L,Number of instalments.,L,static0,static0,0,290,,1,,,,
numinstlsallpaid_934L,Number of paid instalments.,L,static0,static0,0,302,,1,,,,
numinstlswithdpd10_728L,Number of instalments that were overdue for 10 or more days.,L,static0,static0,0,143,,1,,,,
numinstlswithdpd5_4187116L,Number of instalments that were overdue by at least 5 days.,L,static0,static0,0,79,,1,,,,
numinstlswithoutdpd_562L,Number of instalments that were not past due date.,L,static0,static0,0,368,,1,,,,
numinstmatpaidtearly2d_4499204L,Number of instalments that have been paid more than 2 days before their due date.,L,static0,static0,0,288,,1,,,,
numinstpaid_4499208L,Number of paid instalments.,L,static0,static0,0,319,,1,,,,
numinstpaidearly_338L,Number of installments paid prior to the due date.,L,static0,static0,0,264,,1,,,,
numinstpaidearly3d_3546850L,Number of instalments paid more than three days before the due date.,L,static0,static0,0,280,,1,,,,
numinstpaidearly3dest_4493216L,Number of instalments that have been paid more than 3 days in advance of the due date.,L,static0,static0,0,280,,1,,,,
numinstpaidearly5d_1087L,Number of instalments paid more than 5 days prior to the due date.,L,static0,static0,0,51,,1,,,,
numinstpaidearly5dest_4493211L,Number of instalments that were paid more than 5 days before the due date.,L,static0,static0,0,51,,1,,,,
numinstpaidearly5dobd_4499205L,Number of installments paid more than 5 days prior to the due date.,L,static0,static0,0,264,,1,,,,
numinstpaidearlyest_4493214L,Number of instalments paid before the due date.,L,static0,static0,0,264,,1,,,,
numinstpaidlastcontr_4325080L,Number of paid installments from the client's last contract.,L,static0,static0,0,65,,1,,,,
numinstpaidlate1d_3546852L,Number of instalments paid more than 1 day past their due date.,L,static0,static0,0,115,,1,,,,
numinstregularpaid_973L,Number of fully paid regular installments in the client's previous contracts.,L,static0,static0,0,318,,1,,,,
numinstregularpaidest_4493210L,Number of fully paid regular installments on clients' previous contracts.,L,static0,static0,0,319,,1,,,,
numinsttopaygr_769L,Number of unpaid instalments.,L,static0,static0,0,105,,1,,,,
numinsttopaygrest_4493213L,Number of unpaid instalments.,L,static0,static0,0,105,,1,,,,
numinstunpaidmax_3546851L,Maximum number of unpaid instalments.,L,static0,static0,0,64,,1,,,,
numinstunpaidmaxest_4493212L,Maximum number of unpaid instalments.,L,static0,static0,0,64,,1,,,,
numnotactivated_1143L,Number of non-activated credits.,L,static0,static0,0,5,,1,,,,
numpmtchanneldd_318L,Number of previous loan contracts for the applicant that had direct debit as payment channel.,L,static0,static0,0,5,,1,,,,
numrejects9m_859L,Number of credit applications that were rejected in the last 9 months.,L,static0,static0,0,62,,1,,,,
opencred_647L,Number of active loans from the previous application.,L,static0,static0,0,3,,1,,,,
paytype_783L,Type of payment.,L,static0,static0,0,2,,0,,,,
paytype1st_925L,Type of first payment of the client.,L,static0,static0,0,2,,0,,,,
payvacationpostpone_4187118D,Date of last payment holiday instalment.,D,static0,static0,0,570,,1,,,,
pctinstlsallpaidearl3d_427L,Percentage of installments paid at least 3 days prior to the due date.,L,static0,static0,0,8863,,1,,,,
pctinstlsallpaidlat10d_839L,Percentage of installments that were paid 10 or more days after the due date.,L,static0,static0,0,4179,,1,,,,
pctinstlsallpaidlate1d_3546856L,Percentage of installments that are paid 1 or more days after the due date.,L,static0,static0,0,6328,,1,,,,
pctinstlsallpaidlate4d_3546849L,Percentage of installments that were paid 4 or more days past their due date.,L,static0,static0,0,5203,,1,,,,
pctinstlsallpaidlate6d_3546844L,Percentage of installments that were paid 6 or more days past their due date.,L,static0,static0,0,4783,,1,,,,
pmtnum_254L,Total number of loan payments made by the client.,L,static0,static0,0,40,,1,,,,
posfpd10lastmonth_333P,Average FPD10 (Share of contracts with first installment past due more than 10 days) from point of sales that processed contract in the previous month.,P,static0,static0,0,3,,1,,,,
posfpd30lastmonth_3976960P,Average FPD30 (Share of contracts with first installment past due more than 30 days) from point of sales that processed contract in the previous month.,P,static0,static0,0,3,,1,,,,
posfstqpd30lastmonth_3976962P,"Average FSTPD30 (share of contracts with first, second, or third installment past due more than 30 days) from point of sale that processed contract in the last month.",P,static0,static0,0,3,,1,,,,
previouscontdistrict_112M,Contact district of the client's previous approved application.,M,static0,static0,0,223,,0,,,,
price_1097A,Credit price.,A,static0,static0,0,86628,,1,,,,
sellerplacecnt_915L,Number of sellerplaces where the same client's document was used.,L,static0,static0,0,9,,1,,,,
sellerplacescnt_216L,Number of sellerplaces where the same client's mobile phone was used.,L,static0,static0,0,65,,1,,,,
sumoutstandtotal_3546847A,Sum of total outstanding amount.,A,static0,static0,0,159895,,1,,,,
sumoutstandtotalest_4493215A,Sum of total outstanding amount.,A,static0,static0,0,159866,,1,,,,
totaldebt_9A,Total amount of debt.,A,static0,static0,0,159977,,1,,,,
totalsettled_863A,Sum of all payments made by the client.,A,static0,static0,0,314655,,1,,,,
totinstallast1m_4525188A,Total amount of monthly instalments paid in the previous month.,A,static0,static0,0,95013,,1,,,,
twobodfilling_608L,Type of application process.,L,static0,static0,0,3,,1,,,,
typesuite_864L,Persons accompanying the client during the loan application process.,L,static0,static0,0,2,,1,,,,
validfrom_1069D,Date since the client has an active campaign.,D,static0,static0,0,258,,1,,,,
assignmentdate_238D,Tax authority data - date of assignment.,D,staticcb0,staticcb0,0,8888,,1,,,,
assignmentdate_4527235D,Tax authority data - Date of assignment.,D,staticcb0,staticcb0,0,373,,1,,,,
assignmentdate_4955616D,Tax authority assignment date.,D,staticcb0,staticcb0,0,7566,,1,,,,
birthdate_574D,Client's date of birth (credit bureau data).,D,staticcb0,staticcb0,0,668,,1,,,,
contractssum_5085716L,Total sum of values of contracts retrieved from external credit bureau.,L,staticcb0,staticcb0,0,136291,,1,,,,
dateofbirth_337D,Client's date of birth.,D,staticcb0,staticcb0,0,725,,1,,,,
dateofbirth_342D,Client's date of birth.,D,staticcb0,staticcb0,0,665,,1,,,,
days120_123L,Number of credit bureau queries for the last 120 days.,L,staticcb0,staticcb0,0,46,,1,,,,
days180_256L,Number of credit bureau queries for last 180 days.,L,staticcb0,staticcb0,0,60,,1,,,,
days30_165L,Number of credit bureau queries for the last 30 days.,L,staticcb0,staticcb0,0,23,,1,,,,
days360_512L,Number of Credit Bureau queries for last 360 days.,L,staticcb0,staticcb0,0,93,,1,,,,
days90_310L,Number of credit bureau queries for the last 90 days.,L,staticcb0,staticcb0,0,38,,1,,,,
description_5085714M,Categorization of clients by credit bureau.,M,staticcb0,staticcb0,0,2,,1,,,,
education_1103M,Level of education of the client provided by external source.,M,staticcb0,staticcb0,0,5,,1,,,,
education_88M,Education level of the client.,M,staticcb0,staticcb0,0,5,,1,,,,
firstquarter_103L,Number of results obtained from credit bureau in the first quarter.,L,staticcb0,staticcb0,0,62,,1,,,,
for3years_128L,Number of rejected applications in the past 3 years.,L,staticcb0,staticcb0,0,3,,1,,,,
for3years_504L,Client's credit history data over the last three years.,L,staticcb0,staticcb0,0,55,,1,,,,
for3years_584L,Number of cancellations in the last 3 years.,L,staticcb0,staticcb0,0,4,,1,,,,
formonth_118L,Number of rejections in a month.,L,staticcb0,staticcb0,0,2,,1,,,,
formonth_206L,Number of cancelations in the previous month.,L,staticcb0,staticcb0,0,3,,1,,,,
formonth_535L,Credit history for the last month.,L,staticcb0,staticcb0,0,10,,1,,,,
forquarter_1017L,Number of cancellations recorded in the credit bureau in the last quarter.,L,staticcb0,staticcb0,0,4,,1,,,,
forquarter_462L,Number of credit applications that were rejected in the last quarter.,L,staticcb0,staticcb0,0,2,,1,,,,
forquarter_634L,Credit history for the last quarter.,L,staticcb0,staticcb0,0,16,,1,,,,
fortoday_1092L,Client's credit history for today.,L,staticcb0,staticcb0,0,4,,1,,,,
forweek_1077L,Number of cancelations in the last week.,L,staticcb0,staticcb0,0,3,,1,,,,
forweek_528L,Credit history for the last week.,L,staticcb0,staticcb0,0,6,,1,,,,
forweek_601L,Number of rejected applications in the last week.,L,staticcb0,staticcb0,0,2,,1,,,,
foryear_618L,Number of application rejections in the previous year.,L,staticcb0,staticcb0,0,3,,1,,,,
foryear_818L,Number of cancelations that occurred in last year.,L,staticcb0,staticcb0,0,4,,1,,,,
foryear_850L,Credit history for the last year.,L,staticcb0,staticcb0,0,38,,1,,,,
fourthquarter_440L,Number of results in fourth quarter.,L,staticcb0,staticcb0,0,55,,1,,,,
maritalst_385M,Marital status of the client.,M,staticcb0,staticcb0,0,6,,1,,,,
maritalst_893M,Marital status of the client,M,staticcb0,staticcb0,0,6,,1,,,,
numberofqueries_373L,Number of queries to credit bureau.,L,staticcb0,staticcb0,0,93,,1,,,,
pmtaverage_3A,Average of tax deductions.,A,staticcb0,staticcb0,0,40003,,1,,,,
pmtaverage_4527227A,Average of tax deductions.,A,staticcb0,staticcb0,0,30527,,1,,,,
pmtaverage_4955615A,Average of tax deductions.,A,staticcb0,staticcb0,0,32268,,1,,,,
pmtcount_4527229L,Number of tax deductions.,L,staticcb0,staticcb0,0,16,,1,,,,
pmtcount_4955617L,Number of tax deductions.,L,staticcb0,staticcb0,0,17,,1,,,,
pmtcount_693L,Number of tax deductions.,L,staticcb0,staticcb0,0,40,,1,,,,
pmtscount_423L,Number of tax deduction payments.,L,staticcb0,staticcb0,0,67,,1,,,,
pmtssum_45A,Sum of tax deductions for the client.,A,staticcb0,staticcb0,0,265230,,1,,,,
requesttype_4525192L,Tax authority request type.,L,staticcb0,staticcb0,0,4,,1,,,,
responsedate_1012D,Tax authority's response date.,D,staticcb0,staticcb0,0,293,,1,,,,
responsedate_4527233D,Tax authority's response date.,D,staticcb0,staticcb0,0,398,,1,,,,
responsedate_4917613D,Tax authority's response date.,D,staticcb0,staticcb0,0,208,,1,,,,
riskassesment_302T,Estimated probability that the client will default on their credit obligation within the next year.,T,staticcb0,staticcb0,0,17,,1,,,,
riskassesment_940T,Estimate of client's creditworthiness.,T,staticcb0,staticcb0,0,204,,1,,,,
secondquarter_766L,Number of results in second quarter.,L,staticcb0,staticcb0,0,56,,1,,,,
thirdquarter_1082L,Number of results in third quarter.,L,staticcb0,staticcb0,0,53,,1,,,,
amount_4527230A,Tax deductions amount tracked by the government registry.,A,taxregistrya1,taxregistrya1,1,92743,"mean, max, var",1,,,,
name_4527232M,Name of employer.,M,taxregistrya1,taxregistrya1,1,147037,"mean, max, var",0,,,,
recorddate_4527225D,Date of tax deduction record.,D,taxregistrya1,taxregistrya1,1,397,"mean, max, var",1,1,,,
amount_4917619A,Tax deductions amount tracked by the government registry.,A,taxregistryb1,taxregistryb1,1,191635,"mean, max, var",1,,,,
deductiondate_4917603D,Tax deduction date.,D,taxregistryb1,taxregistryb1,1,260,"mean, max, var",0,,,,
name_4917606M,Name of employer.,M,taxregistryb1,taxregistryb1,1,55857,"mean, max, var",0,,,,
employername_160M,Employer's name.,M,taxregistryc1,taxregistryc1,1,152835,"mean, max, var",0,,,,
pmtamount_36A,Tax deductions amount for credit bureau payments.,A,taxregistryc1,taxregistryc1,1,572321,"mean, max, var",1,,,,
processingdate_168D,Date when the tax deduction is processed.,D,taxregistryc1,taxregistryc1,1,325,"mean, max, var",0,,,,
score_940,Estimate of client's creditworthiness.,0,,0,,,,1,,,,